id,firstname,lastname,email,City
100,Alameda,Curren,Alameda.Curren@testmail.com,Port Blair
101,Lilith,Cleo,Lilith.Cleo@testmail.com,Zagreb
102,Sophia,Daveta,Sophia.Daveta@testmail.com,Palembang
103,Edith,Redmond,Edith.Redmond@testmail.com,Santa Cruz de la Sierra
104,Benita,Donoghue,Benita.Donoghue@testmail.com,Bandung
105,Cassondra,Doig,Cassondra.Doig@testmail.com,Beirut
106,Sheree,Bigner,Sheree.Bigner@testmail.com,Medan
107,Harmonia,Hebner,Harmonia.Hebner@testmail.com,Ashgabat
108,Josephine,Tice,Josephine.Tice@testmail.com,Balikpapan
109,Merry,Soneson,Merry.Soneson@testmail.com,Nassau
110,Jere,Seumas,Jere.Seumas@testmail.com,Turin
111,Dulcinea,Wattenberg,Dulcinea.Wattenberg@testmail.com,Boa Vista
112,Charlena,Standing,Charlena.Standing@testmail.com,Bogotá
113,Hettie,Laurianne,Hettie.Laurianne@testmail.com,Bangkok
114,Merle,Sikorski,Merle.Sikorski@testmail.com,San Diego
115,Tarra,Klemperer,Tarra.Klemperer@testmail.com,Zanzibar City
116,Ruthe,Yerkovich,Ruthe.Yerkovich@testmail.com,Taipei
117,Cacilie,Raseda,Cacilie.Raseda@testmail.com,Jerusalem
118,Orsola,Barbey,Orsola.Barbey@testmail.com,Nuuk
119,Giustina,Callista,Giustina.Callista@testmail.com,Serekunda
120,Codie,Libna,Codie.Libna@testmail.com,Gothenburg
121,Lexine,Durware,Lexine.Durware@testmail.com,Bahía Blanca
122,Cindelyn,Destinee,Cindelyn.Destinee@testmail.com,Pattaya
123,Briney,Federica,Briney.Federica@testmail.com,Suva
124,Marsiella,Borrell,Marsiella.Borrell@testmail.com,Cusco
125,Tatiania,Johnsson,Tatiania.Johnsson@testmail.com,Zhengzhou
126,Feliza,Rosemary,Feliza.Rosemary@testmail.com,Rabat
127,Kate,Bonilla,Kate.Bonilla@testmail.com,Douglas
128,Rori,Chick,Rori.Chick@testmail.com,Ankara
129,Valeda,Hanleigh,Valeda.Hanleigh@testmail.com,Dammam
130,Alyssa,Clie,Alyssa.Clie@testmail.com,London
131,Elena,Solitta,Elena.Solitta@testmail.com,Stuttgart
132,Veda,Forrer,Veda.Forrer@testmail.com,Faisalabad
133,Corene,Vivle,Corene.Vivle@testmail.com,Melbourne
134,Mara,Estella,Mara.Estella@testmail.com,Cali
135,Ingrid,Louanna,Ingrid.Louanna@testmail.com,Port Blair
136,Wileen,Krystle,Wileen.Krystle@testmail.com,Fukuoka
137,Zondra,Chaing,Zondra.Chaing@testmail.com,Omsk
138,Annecorinne,Saree,Annecorinne.Saree@testmail.com,Santa Cruz de Tenerife
139,Alyssa,McClimans,Alyssa.McClimans@testmail.com,Batticaloa
140,Eve,Ranjiv,Eve.Ranjiv@testmail.com,Lhasa
141,Blinni,Amadas,Blinni.Amadas@testmail.com,Damascus
142,Mellicent,Erich,Mellicent.Erich@testmail.com,Detroit
143,Sashenka,Haldas,Sashenka.Haldas@testmail.com,Hanover
144,Anthia,Giff,Anthia.Giff@testmail.com,Libreville
145,Sophia,Wittie,Sophia.Wittie@testmail.com,St. Louis
146,Madelle,Turne,Madelle.Turne@testmail.com,Birkirkara
147,Consuela,Ruvolo,Consuela.Ruvolo@testmail.com,Rio de Janeiro
148,Susette,Malvino,Susette.Malvino@testmail.com,Port-au-Prince
149,Marguerite,Kosey,Marguerite.Kosey@testmail.com,Yamoussoukro